escalation_id,alert_id,organization_id,escalated_at,escalation_level
ESC-00001,A-00015,ORG-001,2025-04-08T14:00:08,2
ESC-00002,A-00027,ORG-001,2025-06-06T16:02:07,3
ESC-00003,A-00031,ORG-001,2025-01-19T23:30:43,2
ESC-00004,A-00072,ORG-001,2025-01-26T12:53:26,3
ESC-00005,A-00075,ORG-001,2025-06-05T16:59:11,1
ESC-00006,A-00077,ORG-001,2025-03-14T16:48:45,1
ESC-00007,A-00081,ORG-001,2025-04-26T23:06:39,1
ESC-00008,A-00085,ORG-001,2025-01-13T06:45:37,2
ESC-00009,A-00088,ORG-001,2025-01-16T09:40:18,2
ESC-00010,A-00093,ORG-001,2025-04-11T14:33:08,3
ESC-00011,A-00099,ORG-001,2025-01-15T10:43:16,2
ESC-00012,A-00107,ORG-001,2025-03-16T15:29:34,2
ESC-00013,A-00111,ORG-001,2025-05-29T12:34:46,2
ESC-00014,A-00116,ORG-001,2025-05-31T10:30:44,2
ESC-00015,A-00123,ORG-001,2025-05-24T23:10:58,2
ESC-00016,A-00124,ORG-001,2025-01-02T02:48:43,2
ESC-00017,A-00131,ORG-001,2025-04-24T04:21:35,1
ESC-00018,A-00141,ORG-001,2025-01-07T06:51:53,1
ESC-00019,A-00142,ORG-001,2025-02-12T07:20:27,2
ESC-00020,A-00147,ORG-001,2025-05-11T21:33:14,2
ESC-00021,A-00157,ORG-001,2025-01-30T00:15:37,2
ESC-00022,A-00165,ORG-001,2025-03-15T20:28:09,3
ESC-00023,A-00173,ORG-001,2025-04-26T01:48:13,3
ESC-00024,A-00188,ORG-001,2025-04-09T04:09:07,1
ESC-00025,A-00201,ORG-001,2025-05-22T00:52:48,3
ESC-00026,A-00205,ORG-001,2025-05-22T19:53:09,3
ESC-00027,A-00213,ORG-001,2025-05-17T06:56:53,3
ESC-00028,A-00221,ORG-001,2025-06-20T10:15:14,3
ESC-00029,A-00234,ORG-001,2025-04-04T05:26:33,3
ESC-00030,A-00258,ORG-001,2025-06-02T18:32:50,1
ESC-00031,A-00259,ORG-001,2025-06-20T23:29:00,2
ESC-00032,A-00274,ORG-001,2025-05-14T07:47:54,2
ESC-00033,A-00277,ORG-001,2025-04-24T09:02:24,3
ESC-00034,A-00286,ORG-001,2025-01-22T01:29:42,2
ESC-00035,A-00290,ORG-001,2025-01-18T07:44:38,2
ESC-00036,A-00309,ORG-001,2025-05-03T21:21:39,3
ESC-00037,A-00311,ORG-001,2025-06-07T00:12:19,2
ESC-00038,A-00323,ORG-001,2025-03-04T06:14:08,3
ESC-00039,A-00332,ORG-001,2025-01-14T15:29:29,2
ESC-00040,A-00334,ORG-001,2025-04-05T16:24:08,1
ESC-00041,A-00340,ORG-001,2025-03-11T17:32:57,3
ESC-00042,A-00343,ORG-001,2025-06-08T17:51:10,1
ESC-00043,A-00345,ORG-001,2025-02-01T10:17:42,1
ESC-00044,A-00364,ORG-001,2025-02-04T02:33:25,2
ESC-00045,A-00375,ORG-001,2025-02-16T03:20:33,2
ESC-00046,A-00382,ORG-001,2025-03-20T16:26:28,1
ESC-00047,A-00384,ORG-001,2025-01-25T07:31:06,2
ESC-00048,A-00394,ORG-001,2025-02-06T05:16:41,1
ESC-00049,A-00397,ORG-001,2025-04-12T07:33:17,1
ESC-00050,A-00399,ORG-001,2025-01-04T00:53:00,3
ESC-00051,A-00400,ORG-001,2025-01-31T17:52:08,1
ESC-00052,A-00406,ORG-001,2025-01-09T14:17:06,3
ESC-00053,A-00411,ORG-001,2025-06-21T12:46:27,2
ESC-00054,A-00416,ORG-001,2025-01-31T09:49:52,3
ESC-00055,A-00432,ORG-001,2025-03-30T23:59:47,3
ESC-00056,A-00449,ORG-001,2025-05-22T05:30:10,3
ESC-00057,A-00462,ORG-001,2025-05-14T06:15:51,3
ESC-00058,A-00468,ORG-001,2025-01-30T23:00:05,3
ESC-00059,A-00472,ORG-001,2025-04-17T18:16:15,3
ESC-00060,A-00496,ORG-001,2025-06-26T00:24:22,3
ESC-00061,A-00497,ORG-001,2025-04-23T09:08:00,1
ESC-00062,A-00499,ORG-001,2025-06-02T00:00:12,3
ESC-00063,A-00506,ORG-001,2025-05-01T07:41:29,2
ESC-00064,A-00508,ORG-001,2025-03-30T01:59:05,2
ESC-00065,A-00517,ORG-001,2025-06-03T23:07:37,2
ESC-00066,A-00519,ORG-001,2025-02-17T04:15:33,3
ESC-00067,A-00523,ORG-001,2025-06-29T21:50:38,3
ESC-00068,A-00531,ORG-001,2025-01-27T12:27:46,2
ESC-00069,A-00535,ORG-001,2025-01-07T13:14:22,3
ESC-00070,A-00550,ORG-001,2025-05-10T08:14:38,3
ESC-00071,A-00568,ORG-001,2025-01-27T15:43:19,1
ESC-00072,A-00572,ORG-001,2025-02-13T05:07:12,2
ESC-00073,A-00574,ORG-001,2025-01-09T11:07:00,1
ESC-00074,A-00575,ORG-001,2025-04-23T14:24:02,3
ESC-00075,A-00578,ORG-001,2025-01-22T22:53:59,3
ESC-00076,A-00588,ORG-001,2025-03-31T08:25:26,2
ESC-00077,A-00613,ORG-001,2025-06-27T23:05:52,2
ESC-00078,A-00632,ORG-001,2025-06-09T18:47:02,2
ESC-00079,A-00645,ORG-001,2025-03-08T09:39:55,1
ESC-00080,A-00652,ORG-001,2025-01-04T18:42:57,2
ESC-00081,A-00655,ORG-001,2025-05-01T20:44:06,1
ESC-00082,A-00669,ORG-001,2025-02-11T15:01:56,3
ESC-00083,A-00678,ORG-001,2025-01-08T20:52:42,1
ESC-00084,A-00706,ORG-001,2025-01-16T23:15:19,2
ESC-00085,A-00720,ORG-001,2025-01-23T10:13:16,2
ESC-00086,A-00736,ORG-001,2025-06-15T17:07:17,2
ESC-00087,A-00743,ORG-001,2025-04-28T11:42:47,2
ESC-00088,A-00750,ORG-001,2025-06-12T20:13:29,3
ESC-00089,A-00757,ORG-002,2025-05-25T12:20:33,2
ESC-00090,A-00765,ORG-002,2025-03-01T02:46:47,1
ESC-00091,A-00766,ORG-002,2025-06-26T10:23:41,3
ESC-00092,A-00776,ORG-002,2025-02-20T07:50:26,2
ESC-00093,A-00782,ORG-002,2025-03-13T15:18:46,2
ESC-00094,A-00783,ORG-002,2025-05-06T18:41:45,2
ESC-00095,A-00788,ORG-002,2025-01-28T15:26:34,2
ESC-00096,A-00793,ORG-002,2025-03-28T20:11:48,3
ESC-00097,A-00802,ORG-002,2025-05-16T16:11:23,3
ESC-00098,A-00807,ORG-002,2025-02-11T05:17:48,1
ESC-00099,A-00811,ORG-002,2025-06-21T22:34:54,3
ESC-00100,A-00830,ORG-002,2025-01-03T21:44:42,3
ESC-00101,A-00847,ORG-002,2025-01-15T09:17:58,2
ESC-00102,A-00857,ORG-002,2025-05-20T06:19:58,3
ESC-00103,A-00859,ORG-002,2025-02-08T12:43:35,3
ESC-00104,A-00864,ORG-002,2025-05-21T15:18:20,2
ESC-00105,A-00875,ORG-002,2025-02-04T08:51:31,1
ESC-00106,A-00881,ORG-002,2025-01-22T06:56:33,1
ESC-00107,A-00888,ORG-002,2025-06-30T03:02:15,3
ESC-00108,A-00889,ORG-002,2025-01-13T15:01:34,1
ESC-00109,A-00910,ORG-002,2025-05-31T15:35:28,3
ESC-00110,A-00918,ORG-002,2025-01-20T17:14:55,2
ESC-00111,A-00927,ORG-002,2025-01-03T00:28:19,1
ESC-00112,A-00928,ORG-002,2025-03-03T00:46:55,1
ESC-00113,A-00932,ORG-002,2025-04-07T22:50:50,3
ESC-00114,A-00960,ORG-002,2025-04-11T13:42:15,1
ESC-00115,A-00981,ORG-002,2025-01-09T07:16:57,3
ESC-00116,A-00996,ORG-002,2025-01-02T22:34:30,1
ESC-00117,A-01001,ORG-002,2025-06-02T03:54:42,1
ESC-00118,A-01002,ORG-002,2025-04-10T11:00:31,2
ESC-00119,A-01015,ORG-002,2025-03-10T03:13:17,1
ESC-00120,A-01023,ORG-002,2025-05-03T07:58:13,2
ESC-00121,A-01044,ORG-002,2025-03-16T05:43:03,2
ESC-00122,A-01045,ORG-002,2025-05-21T05:20:38,1
ESC-00123,A-01047,ORG-002,2025-05-28T19:31:18,1
ESC-00124,A-01054,ORG-002,2025-03-15T13:54:25,1
ESC-00125,A-01099,ORG-002,2025-01-04T06:17:53,2
ESC-00126,A-01112,ORG-002,2025-05-16T00:43:00,3
ESC-00127,A-01113,ORG-002,2025-03-23T11:02:05,1
ESC-00128,A-01120,ORG-002,2025-05-22T20:36:29,2
ESC-00129,A-01133,ORG-002,2025-05-22T01:49:29,1
ESC-00130,A-01136,ORG-002,2025-05-02T19:42:28,1
ESC-00131,A-01164,ORG-002,2025-03-08T01:24:31,1
ESC-00132,A-01174,ORG-002,2025-04-05T00:59:46,2
ESC-00133,A-01177,ORG-002,2025-05-19T10:18:36,1
ESC-00134,A-01183,ORG-002,2025-05-13T06:40:11,1
ESC-00135,A-01188,ORG-002,2025-04-13T17:11:50,1
ESC-00136,A-01206,ORG-002,2025-05-27T19:50:34,2
ESC-00137,A-01211,ORG-002,2025-05-09T03:18:28,1
ESC-00138,A-01212,ORG-002,2025-05-16T09:39:37,3
ESC-00139,A-01213,ORG-002,2025-01-17T06:11:04,3
ESC-00140,A-01214,ORG-002,2025-02-17T05:07:24,1
ESC-00141,A-01216,ORG-002,2025-02-06T03:18:41,3
ESC-00142,A-01223,ORG-002,2025-03-14T00:29:49,2
ESC-00143,A-01227,ORG-002,2025-04-28T21:58:50,3
ESC-00144,A-01234,ORG-002,2025-06-01T00:43:25,1
ESC-00145,A-01244,ORG-002,2025-06-09T19:21:00,1
ESC-00146,A-01247,ORG-002,2025-01-02T09:51:56,3
ESC-00147,A-01280,ORG-002,2025-02-08T17:17:03,2
ESC-00148,A-01281,ORG-002,2025-06-14T05:06:07,2
ESC-00149,A-01286,ORG-002,2025-01-14T00:30:16,3
ESC-00150,A-01306,ORG-002,2025-02-14T20:05:41,1
ESC-00151,A-01316,ORG-002,2025-01-18T12:01:48,2
ESC-00152,A-01317,ORG-002,2025-06-16T17:49:15,3
ESC-00153,A-01320,ORG-002,2025-04-14T17:49:09,1
ESC-00154,A-01343,ORG-002,2025-03-26T16:48:20,1
ESC-00155,A-01352,ORG-002,2025-02-16T18:38:45,2
ESC-00156,A-01354,ORG-002,2025-05-22T16:31:50,2
ESC-00157,A-01359,ORG-002,2025-01-08T13:57:57,1
ESC-00158,A-01364,ORG-002,2025-02-14T13:05:33,2
ESC-00159,A-01385,ORG-002,2025-03-20T21:18:37,1
ESC-00160,A-01459,ORG-002,2025-06-11T13:28:02,2
ESC-00161,A-01468,ORG-002,2025-06-23T04:40:28,2
ESC-00162,A-01475,ORG-002,2025-04-25T03:59:05,1
ESC-00163,A-01484,ORG-002,2025-01-03T02:36:17,1
ESC-00164,A-01510,ORG-002,2025-06-18T07:12:21,1
ESC-00165,A-01534,ORG-003,2025-05-16T09:13:43,1
ESC-00166,A-01568,ORG-003,2025-06-12T15:59:20,3
ESC-00167,A-01580,ORG-003,2025-05-17T19:46:59,3
ESC-00168,A-01653,ORG-003,2025-06-25T09:57:24,3
ESC-00169,A-01761,ORG-003,2025-04-14T04:19:28,3
ESC-00170,A-01771,ORG-003,2025-06-27T03:19:14,2
ESC-00171,A-01783,ORG-003,2025-06-07T01:53:11,3
ESC-00172,A-01896,ORG-003,2025-04-28T01:47:31,2
ESC-00173,A-01906,ORG-003,2025-06-20T15:23:44,1
ESC-00174,A-01928,ORG-003,2025-03-26T14:11:27,3
ESC-00175,A-01998,ORG-003,2025-03-26T04:30:56,3
ESC-00176,A-02021,ORG-003,2025-05-20T20:59:56,2
ESC-00177,A-02035,ORG-003,2025-01-08T19:20:33,1
ESC-00178,A-02042,ORG-003,2025-05-11T19:28:06,2
ESC-00179,A-02120,ORG-003,2025-06-01T12:44:27,2
ESC-00180,A-02126,ORG-003,2025-05-06T15:13:46,1
ESC-00181,A-02130,ORG-003,2025-05-09T06:26:19,2
ESC-00182,A-02134,ORG-003,2025-04-04T19:49:41,3
ESC-00183,A-02197,ORG-003,2025-02-19T12:01:55,2
ESC-00184,A-02272,ORG-004,2025-03-22T04:58:48,3
ESC-00185,A-02276,ORG-004,2025-06-11T10:49:58,2
ESC-00186,A-02278,ORG-004,2025-06-23T09:35:22,1
ESC-00187,A-02289,ORG-004,2025-01-31T17:36:53,2
ESC-00188,A-02308,ORG-004,2025-04-03T12:08:14,3
ESC-00189,A-02329,ORG-004,2025-05-05T00:14:37,1
ESC-00190,A-02330,ORG-004,2025-02-27T03:55:57,1
ESC-00191,A-02341,ORG-004,2025-01-15T05:01:31,3
ESC-00192,A-02349,ORG-004,2025-03-23T17:25:20,2
ESC-00193,A-02359,ORG-004,2025-06-21T06:22:02,1
ESC-00194,A-02366,ORG-004,2025-01-11T04:47:19,2
ESC-00195,A-02369,ORG-004,2025-05-30T15:02:57,3
ESC-00196,A-02405,ORG-004,2025-01-09T00:51:20,2
ESC-00197,A-02407,ORG-004,2025-03-16T20:23:21,3
ESC-00198,A-02410,ORG-004,2025-06-29T07:14:48,3
ESC-00199,A-02435,ORG-004,2025-03-28T17:38:01,1
ESC-00200,A-02439,ORG-004,2025-01-14T23:06:36,2
ESC-00201,A-02444,ORG-004,2025-02-24T12:11:37,1
ESC-00202,A-02466,ORG-004,2025-03-02T20:07:50,1
ESC-00203,A-02499,ORG-004,2025-03-31T14:43:23,1
ESC-00204,A-02507,ORG-004,2025-06-18T01:26:17,1
ESC-00205,A-02512,ORG-004,2025-02-24T12:33:41,3
ESC-00206,A-02513,ORG-004,2025-04-27T15:37:13,3
ESC-00207,A-02520,ORG-004,2025-01-18T13:35:22,1
ESC-00208,A-02539,ORG-004,2025-02-06T06:54:44,2
ESC-00209,A-02552,ORG-004,2025-05-09T21:36:55,3
ESC-00210,A-02566,ORG-004,2025-02-20T19:50:21,2
ESC-00211,A-02580,ORG-004,2025-04-30T10:13:35,2
ESC-00212,A-02582,ORG-004,2025-05-10T06:04:54,2
ESC-00213,A-02584,ORG-004,2025-05-31T20:37:20,2
ESC-00214,A-02598,ORG-004,2025-03-17T20:11:30,3
ESC-00215,A-02607,ORG-004,2025-01-12T14:33:58,3
ESC-00216,A-02614,ORG-004,2025-02-27T23:18:33,3
ESC-00217,A-02621,ORG-004,2025-02-06T20:09:49,2
ESC-00218,A-02645,ORG-004,2025-02-14T11:22:56,1
ESC-00219,A-02650,ORG-004,2025-02-04T18:28:51,3
ESC-00220,A-02657,ORG-004,2025-05-21T07:18:31,3
ESC-00221,A-02671,ORG-004,2025-01-12T11:54:38,1
ESC-00222,A-02676,ORG-004,2025-03-25T19:18:56,1
ESC-00223,A-02684,ORG-004,2025-01-10T10:44:24,2
ESC-00224,A-02685,ORG-004,2025-02-21T20:26:38,1
ESC-00225,A-02691,ORG-004,2025-06-14T04:14:25,2
ESC-00226,A-02696,ORG-004,2025-02-17T06:54:35,2
ESC-00227,A-02705,ORG-004,2025-02-16T18:17:22,3
ESC-00228,A-02706,ORG-004,2025-06-13T02:44:39,3
ESC-00229,A-02709,ORG-004,2025-02-09T07:49:37,2
ESC-00230,A-02716,ORG-004,2025-01-17T03:29:22,1
ESC-00231,A-02724,ORG-004,2025-01-31T11:49:25,2
ESC-00232,A-02748,ORG-004,2025-06-11T22:16:44,3
ESC-00233,A-02773,ORG-004,2025-05-29T04:02:10,1
ESC-00234,A-02775,ORG-004,2025-03-10T16:22:12,3
ESC-00235,A-02787,ORG-004,2025-04-07T12:57:13,2
ESC-00236,A-02793,ORG-004,2025-04-27T11:37:22,2
ESC-00237,A-02811,ORG-004,2025-02-12T08:54:14,2
ESC-00238,A-02817,ORG-004,2025-04-03T18:59:58,3
ESC-00239,A-02827,ORG-004,2025-02-01T00:36:53,3
ESC-00240,A-02830,ORG-004,2025-01-31T20:42:24,2
ESC-00241,A-02842,ORG-004,2025-02-03T04:20:58,1
ESC-00242,A-02845,ORG-004,2025-03-09T15:09:12,3
ESC-00243,A-02904,ORG-004,2025-06-21T07:12:21,3
ESC-00244,A-02910,ORG-004,2025-03-25T01:24:46,1
ESC-00245,A-02939,ORG-004,2025-05-03T18:20:25,1
ESC-00246,A-02960,ORG-004,2025-06-30T21:59:38,2
ESC-00247,A-02962,ORG-004,2025-05-06T13:49:12,1
ESC-00248,A-02966,ORG-004,2025-01-12T14:50:19,2
ESC-00249,A-02986,ORG-004,2025-03-23T04:03:36,3
ESC-00250,A-03003,ORG-004,2025-03-11T16:02:37,2
ESC-00251,A-03022,ORG-005,2025-02-10T03:59:39,3
ESC-00252,A-03038,ORG-005,2025-03-13T21:31:10,3
ESC-00253,A-03065,ORG-005,2025-02-14T20:36:06,2
ESC-00254,A-03081,ORG-005,2025-01-09T14:09:58,2
ESC-00255,A-03090,ORG-005,2025-06-02T07:04:59,3
ESC-00256,A-03111,ORG-005,2025-02-21T15:11:25,2
ESC-00257,A-03117,ORG-005,2025-01-27T09:59:43,3
ESC-00258,A-03132,ORG-005,2025-02-03T00:59:50,1
ESC-00259,A-03141,ORG-005,2025-04-26T03:40:24,3
ESC-00260,A-03177,ORG-005,2025-04-17T06:42:34,3
ESC-00261,A-03180,ORG-005,2025-05-10T01:58:01,1
ESC-00262,A-03196,ORG-005,2025-05-10T10:05:22,2
ESC-00263,A-03197,ORG-005,2025-02-03T19:40:54,1
ESC-00264,A-03198,ORG-005,2025-04-18T06:45:14,1
ESC-00265,A-03211,ORG-005,2025-05-14T03:10:26,3
ESC-00266,A-03213,ORG-005,2025-06-15T10:25:30,3
ESC-00267,A-03214,ORG-005,2025-01-11T21:26:10,2
ESC-00268,A-03255,ORG-005,2025-02-15T21:46:03,2
ESC-00269,A-03257,ORG-005,2025-01-03T22:48:36,2
ESC-00270,A-03259,ORG-005,2025-05-31T19:31:17,1
ESC-00271,A-03262,ORG-005,2025-06-26T19:56:41,2
ESC-00272,A-03270,ORG-005,2025-04-28T09:45:50,1
ESC-00273,A-03272,ORG-005,2025-06-02T13:08:05,2
ESC-00274,A-03277,ORG-005,2025-03-06T01:53:13,1
ESC-00275,A-03295,ORG-005,2025-02-03T09:22:53,2
ESC-00276,A-03309,ORG-005,2025-05-16T08:18:45,2
ESC-00277,A-03310,ORG-005,2025-06-11T20:54:17,2
ESC-00278,A-03320,ORG-005,2025-03-11T18:29:13,3
ESC-00279,A-03321,ORG-005,2025-06-13T17:46:54,2
ESC-00280,A-03324,ORG-005,2025-06-01T09:20:39,1
ESC-00281,A-03330,ORG-005,2025-06-15T04:11:34,3
ESC-00282,A-03340,ORG-005,2025-06-08T01:22:17,1
ESC-00283,A-03341,ORG-005,2025-04-26T13:36:12,1
ESC-00284,A-03347,ORG-005,2025-05-10T09:39:10,1
ESC-00285,A-03349,ORG-005,2025-02-26T08:59:57,2
ESC-00286,A-03350,ORG-005,2025-06-29T07:28:51,1
ESC-00287,A-03352,ORG-005,2025-06-06T19:23:37,2
ESC-00288,A-03354,ORG-005,2025-06-01T20:22:33,1
ESC-00289,A-03355,ORG-005,2025-06-11T10:28:10,1
ESC-00290,A-03364,ORG-005,2025-04-05T02:01:09,2
ESC-00291,A-03377,ORG-005,2025-05-20T15:03:21,1
ESC-00292,A-03387,ORG-005,2025-03-24T12:41:03,2
ESC-00293,A-03389,ORG-005,2025-04-19T10:23:02,1
ESC-00294,A-03392,ORG-005,2025-05-05T16:21:48,3
ESC-00295,A-03399,ORG-005,2025-02-11T02:50:37,1
ESC-00296,A-03410,ORG-005,2025-04-29T03:50:50,3
ESC-00297,A-03420,ORG-005,2025-02-06T17:03:56,3
ESC-00298,A-03421,ORG-005,2025-03-03T04:40:32,2
ESC-00299,A-03422,ORG-005,2025-05-03T20:52:22,2
ESC-00300,A-03424,ORG-005,2025-02-02T21:36:59,1
ESC-00301,A-03427,ORG-005,2025-01-29T02:04:07,3
ESC-00302,A-03429,ORG-005,2025-05-14T13:29:29,2
ESC-00303,A-03438,ORG-005,2025-03-14T04:14:39,3
ESC-00304,A-03442,ORG-005,2025-01-27T02:08:35,3
ESC-00305,A-03445,ORG-005,2025-03-02T03:16:38,1
ESC-00306,A-03454,ORG-005,2025-03-08T16:19:12,1
ESC-00307,A-03464,ORG-005,2025-02-10T11:43:13,3
ESC-00308,A-03466,ORG-005,2025-01-01T04:08:42,1
ESC-00309,A-03472,ORG-005,2025-04-08T15:39:03,2
ESC-00310,A-03480,ORG-005,2025-05-26T08:25:21,3
ESC-00311,A-03486,ORG-005,2025-06-20T10:45:51,1
ESC-00312,A-03491,ORG-005,2025-02-06T20:18:31,2
ESC-00313,A-03496,ORG-005,2025-02-15T04:49:58,2
ESC-00314,A-03509,ORG-005,2025-01-01T07:20:01,2
ESC-00315,A-03510,ORG-005,2025-04-15T18:12:26,2
ESC-00316,A-03523,ORG-005,2025-03-07T05:27:59,2
ESC-00317,A-03524,ORG-005,2025-04-17T00:24:11,3
ESC-00318,A-03529,ORG-005,2025-06-02T03:52:25,3
ESC-00319,A-03537,ORG-005,2025-06-16T01:46:31,2
ESC-00320,A-03538,ORG-005,2025-04-04T21:25:15,2
ESC-00321,A-03542,ORG-005,2025-02-10T23:26:36,3
ESC-00322,A-03544,ORG-005,2025-01-11T01:06:04,1
ESC-00323,A-03560,ORG-005,2025-05-26T22:26:06,3
ESC-00324,A-03571,ORG-005,2025-06-04T20:09:01,3
ESC-00325,A-03574,ORG-005,2025-01-11T13:55:16,2
ESC-00326,A-03581,ORG-005,2025-05-10T07:06:19,3
ESC-00327,A-03590,ORG-005,2025-01-22T01:36:49,1
ESC-00328,A-03600,ORG-005,2025-04-07T07:18:35,2
ESC-00329,A-03613,ORG-005,2025-03-12T21:21:55,1
ESC-00330,A-03644,ORG-005,2025-05-26T13:34:59,1
ESC-00331,A-03671,ORG-005,2025-04-19T04:41:03,3
ESC-00332,A-03695,ORG-005,2025-05-13T20:07:51,2
ESC-00333,A-03698,ORG-005,2025-05-14T19:20:59,2
ESC-00334,A-03700,ORG-005,2025-06-04T01:44:13,1
ESC-00335,A-03713,ORG-005,2025-01-30T21:31:43,3
ESC-00336,A-03718,ORG-005,2025-05-24T11:20:43,3
ESC-00337,A-03725,ORG-005,2025-02-03T09:52:03,3
ESC-00338,A-03728,ORG-005,2025-02-26T22:48:55,2
ESC-00339,A-03739,ORG-005,2025-02-17T14:25:15,2
ESC-00340,A-03743,ORG-005,2025-02-08T11:33:01,1
ESC-00341,A-03747,ORG-005,2025-06-15T20:30:02,2
ESC-00342,A-03751,ORG-005,2025-01-16T03:35:20,2
ESC-00343,A-03755,ORG-005,2025-06-25T14:07:42,1
ESC-00344,A-03759,ORG-005,2025-01-06T13:29:01,2
ESC-00345,A-03767,ORG-005,2025-06-25T17:14:48,3
ESC-00346,A-03774,ORG-005,2025-01-29T08:35:44,2
ESC-00347,A-03793,ORG-005,2025-05-16T21:02:32,3
ESC-00348,A-03798,ORG-005,2025-01-29T23:48:10,2
ESC-00349,A-03800,ORG-005,2025-03-20T16:32:13,1
ESC-00350,A-03803,ORG-005,2025-01-25T02:43:57,1
ESC-00351,A-03816,ORG-005,2025-06-07T11:31:31,1
ESC-00352,A-03822,ORG-005,2025-05-20T18:00:09,2
ESC-00353,A-03825,ORG-005,2025-02-13T12:55:29,2
ESC-00354,A-03858,ORG-005,2025-04-07T08:04:53,3
ESC-00355,A-03860,ORG-005,2025-03-09T19:39:27,3
ESC-00356,A-03869,ORG-005,2025-05-20T18:27:28,2
ESC-00357,A-03876,ORG-005,2025-05-26T12:47:47,2
ESC-00358,A-03885,ORG-005,2025-01-16T02:22:51,1
ESC-00359,A-03890,ORG-005,2025-06-23T02:02:34,2
ESC-00360,A-03899,ORG-005,2025-04-02T18:17:43,2
ESC-00361,A-03901,ORG-005,2025-05-25T07:15:17,2
ESC-00362,A-03902,ORG-005,2025-03-12T12:14:13,2
ESC-00363,A-03908,ORG-005,2025-01-03T20:39:37,2
ESC-00364,A-03914,ORG-005,2025-01-04T16:24:54,1
ESC-00365,A-03919,ORG-005,2025-04-13T21:36:49,2
ESC-00366,A-03939,ORG-005,2025-04-09T09:57:23,1
ESC-00367,A-03965,ORG-005,2025-01-29T21:24:19,3
ESC-00368,A-03970,ORG-005,2025-02-08T14:39:29,1
ESC-00369,A-03972,ORG-005,2025-02-19T04:50:51,2
ESC-00370,A-03974,ORG-005,2025-02-25T08:26:12,2
ESC-00371,A-03985,ORG-005,2025-04-08T16:21:51,2
ESC-00372,A-03989,ORG-005,2025-05-26T14:04:09,1
ESC-00373,A-04031,ORG-006,2025-03-31T16:10:59,1
ESC-00374,A-04041,ORG-006,2025-02-05T23:21:39,3
ESC-00375,A-04045,ORG-006,2025-06-27T11:13:26,3
ESC-00376,A-04050,ORG-006,2025-06-22T18:37:25,2
ESC-00377,A-04065,ORG-006,2025-01-25T20:46:32,1
ESC-00378,A-04080,ORG-006,2025-04-28T19:22:02,2
ESC-00379,A-04093,ORG-006,2025-05-31T05:41:50,1
ESC-00380,A-04095,ORG-006,2025-01-28T17:20:45,2
ESC-00381,A-04116,ORG-006,2025-03-03T07:42:55,1
ESC-00382,A-04120,ORG-006,2025-01-06T07:57:55,1
ESC-00383,A-04122,ORG-006,2025-02-28T14:47:29,3
ESC-00384,A-04124,ORG-006,2025-06-21T02:21:15,2
ESC-00385,A-04138,ORG-006,2025-03-15T09:43:03,2
ESC-00386,A-04148,ORG-006,2025-04-13T19:25:24,3
ESC-00387,A-04181,ORG-006,2025-04-12T00:51:06,2
ESC-00388,A-04193,ORG-006,2025-06-23T23:11:13,3
ESC-00389,A-04194,ORG-006,2025-04-09T00:21:57,3
ESC-00390,A-04205,ORG-006,2025-05-07T22:27:09,2
ESC-00391,A-04208,ORG-006,2025-02-11T07:39:47,1
ESC-00392,A-04248,ORG-006,2025-05-11T12:27:07,1
ESC-00393,A-04277,ORG-006,2025-06-26T20:41:42,1
ESC-00394,A-04289,ORG-006,2025-06-16T11:36:10,3
ESC-00395,A-04290,ORG-006,2025-02-11T20:36:18,2
ESC-00396,A-04291,ORG-006,2025-03-04T09:51:47,3
ESC-00397,A-04293,ORG-006,2025-06-12T16:48:08,3
ESC-00398,A-04297,ORG-006,2025-04-17T13:58:06,1
ESC-00399,A-04307,ORG-006,2025-05-07T00:04:13,2
ESC-00400,A-04310,ORG-006,2025-05-16T19:23:10,3
ESC-00401,A-04313,ORG-006,2025-05-10T19:04:59,2
ESC-00402,A-04316,ORG-006,2025-02-20T08:16:00,3
ESC-00403,A-04320,ORG-006,2025-01-17T10:41:52,3
ESC-00404,A-04348,ORG-006,2025-01-06T18:10:23,1
ESC-00405,A-04372,ORG-006,2025-03-26T11:11:10,2
ESC-00406,A-04383,ORG-006,2025-02-10T07:42:43,1
ESC-00407,A-04391,ORG-006,2025-06-02T16:43:13,2
ESC-00408,A-04400,ORG-006,2025-03-15T14:22:40,3
ESC-00409,A-04402,ORG-006,2025-04-16T17:29:57,2
ESC-00410,A-04408,ORG-006,2025-01-16T05:45:06,3
ESC-00411,A-04410,ORG-006,2025-01-08T10:21:07,2
ESC-00412,A-04412,ORG-006,2025-04-23T16:36:38,3
ESC-00413,A-04414,ORG-006,2025-05-09T17:27:35,1
ESC-00414,A-04434,ORG-006,2025-01-23T21:36:40,1
ESC-00415,A-04438,ORG-006,2025-04-09T22:11:30,2
ESC-00416,A-04444,ORG-006,2025-01-11T18:58:01,1
ESC-00417,A-04454,ORG-006,2025-04-06T13:31:15,1
ESC-00418,A-04460,ORG-006,2025-05-14T11:17:39,2
ESC-00419,A-04466,ORG-006,2025-04-25T02:00:27,2
ESC-00420,A-04474,ORG-006,2025-05-23T09:43:35,2
ESC-00421,A-04480,ORG-006,2025-04-22T13:26:40,1
ESC-00422,A-04482,ORG-006,2025-06-09T02:27:13,3
ESC-00423,A-04505,ORG-006,2025-04-22T07:45:34,3
ESC-00424,A-04515,ORG-006,2025-03-27T11:21:47,3
ESC-00425,A-04516,ORG-006,2025-01-11T23:02:47,1
ESC-00426,A-04524,ORG-006,2025-02-19T01:34:23,3
ESC-00427,A-04527,ORG-006,2025-05-08T23:19:41,2
ESC-00428,A-04534,ORG-006,2025-02-10T06:32:50,2
ESC-00429,A-04540,ORG-006,2025-06-28T10:11:43,2
ESC-00430,A-04553,ORG-006,2025-06-08T18:47:59,2
ESC-00431,A-04559,ORG-006,2025-04-07T16:31:53,3
ESC-00432,A-04560,ORG-006,2025-03-19T01:08:56,3
ESC-00433,A-04566,ORG-006,2025-06-20T17:34:10,3
ESC-00434,A-04584,ORG-006,2025-06-23T01:36:57,1
ESC-00435,A-04590,ORG-006,2025-01-16T22:36:37,1
ESC-00436,A-04592,ORG-006,2025-06-11T07:19:46,2
ESC-00437,A-04613,ORG-006,2025-06-04T15:12:51,1
ESC-00438,A-04624,ORG-006,2025-01-27T01:06:21,2
ESC-00439,A-04638,ORG-006,2025-01-11T10:49:16,2
ESC-00440,A-04650,ORG-006,2025-03-06T19:58:13,3
ESC-00441,A-04654,ORG-006,2025-05-13T22:23:12,1
ESC-00442,A-04657,ORG-006,2025-01-16T03:24:21,2
ESC-00443,A-04663,ORG-006,2025-06-10T23:10:46,3
ESC-00444,A-04665,ORG-006,2025-06-12T22:16:06,3
ESC-00445,A-04674,ORG-006,2025-06-27T15:06:06,3
ESC-00446,A-04686,ORG-006,2025-01-23T10:58:47,1
ESC-00447,A-04687,ORG-006,2025-03-11T14:42:11,3
ESC-00448,A-04708,ORG-006,2025-06-02T16:24:21,3
ESC-00449,A-04741,ORG-006,2025-05-05T14:40:32,2
ESC-00450,A-04802,ORG-006,2025-04-05T17:32:19,2
ESC-00451,A-04810,ORG-006,2025-04-22T01:33:52,1
ESC-00452,A-04811,ORG-006,2025-04-25T03:16:49,1
ESC-00453,A-04812,ORG-006,2025-06-06T22:07:28,1
ESC-00454,A-04827,ORG-006,2025-01-10T14:12:04,1
ESC-00455,A-04833,ORG-006,2025-05-14T18:17:25,2
ESC-00456,A-04842,ORG-006,2025-01-17T00:58:15,1
ESC-00457,A-04854,ORG-006,2025-04-04T16:03:20,2
ESC-00458,A-04855,ORG-006,2025-02-11T10:00:39,1
ESC-00459,A-04860,ORG-006,2025-04-07T10:55:43,1
ESC-00460,A-04861,ORG-006,2025-03-11T08:07:10,1
ESC-00461,A-04869,ORG-006,2025-06-14T09:22:58,2
ESC-00462,A-04878,ORG-006,2025-04-24T01:51:09,2
ESC-00463,A-04879,ORG-006,2025-04-18T21:49:57,1
ESC-00464,A-04880,ORG-006,2025-05-25T11:07:07,2
ESC-00465,A-04884,ORG-006,2025-03-08T08:03:38,2
ESC-00466,A-04896,ORG-006,2025-03-29T16:28:05,2
ESC-00467,A-04911,ORG-006,2025-01-27T22:08:22,2
ESC-00468,A-04926,ORG-006,2025-06-30T01:40:36,1
ESC-00469,A-04937,ORG-006,2025-01-30T15:59:24,3
ESC-00470,A-04954,ORG-006,2025-05-31T19:23:42,1
ESC-00471,A-04963,ORG-006,2025-05-16T11:14:37,2
ESC-00472,A-04966,ORG-006,2025-01-12T23:38:35,2
ESC-00473,A-04973,ORG-006,2025-05-16T19:25:11,2
ESC-00474,A-04986,ORG-006,2025-01-02T11:12:11,2
ESC-00475,A-04993,ORG-006,2025-04-13T02:52:29,2
ESC-00476,A-04997,ORG-006,2025-06-06T01:17:32,3
ESC-00477,A-05020,ORG-007,2025-02-20T22:45:14,1
ESC-00478,A-05021,ORG-007,2025-05-07T12:38:59,2
ESC-00479,A-05022,ORG-007,2025-04-17T08:22:50,3
ESC-00480,A-05029,ORG-007,2025-05-25T12:41:31,3
ESC-00481,A-05035,ORG-007,2025-04-15T13:24:45,2
ESC-00482,A-05048,ORG-007,2025-06-24T09:00:17,1
ESC-00483,A-05062,ORG-007,2025-04-07T13:02:05,1
ESC-00484,A-05066,ORG-007,2025-04-12T09:33:26,3
ESC-00485,A-05067,ORG-007,2025-01-23T21:32:07,1
ESC-00486,A-05081,ORG-007,2025-04-01T06:27:41,1
ESC-00487,A-05091,ORG-007,2025-03-04T07:58:15,2
ESC-00488,A-05092,ORG-007,2025-04-17T23:14:34,3
ESC-00489,A-05101,ORG-007,2025-05-27T00:09:10,1
ESC-00490,A-05104,ORG-007,2025-04-16T19:29:01,3
ESC-00491,A-05105,ORG-007,2025-03-08T11:44:47,1
ESC-00492,A-05107,ORG-007,2025-05-01T03:45:31,1
ESC-00493,A-05108,ORG-007,2025-02-14T22:31:26,1
ESC-00494,A-05121,ORG-007,2025-04-01T00:42:47,1
ESC-00495,A-05122,ORG-007,2025-01-26T06:18:10,2
ESC-00496,A-05126,ORG-007,2025-02-11T05:21:14,3
ESC-00497,A-05140,ORG-007,2025-05-27T15:10:12,3
ESC-00498,A-05142,ORG-007,2025-02-25T11:38:37,2
ESC-00499,A-05159,ORG-007,2025-04-06T08:45:32,1
ESC-00500,A-05160,ORG-007,2025-06-29T10:35:10,1
ESC-00501,A-05165,ORG-007,2025-03-03T20:22:52,2
ESC-00502,A-05172,ORG-007,2025-06-05T07:03:47,3
ESC-00503,A-05173,ORG-007,2025-05-22T22:42:14,1
ESC-00504,A-05182,ORG-007,2025-04-11T01:19:00,1
ESC-00505,A-05203,ORG-007,2025-02-19T20:58:33,2
ESC-00506,A-05204,ORG-007,2025-03-07T00:27:33,2
ESC-00507,A-05215,ORG-007,2025-03-03T19:19:38,2
ESC-00508,A-05225,ORG-007,2025-03-10T22:52:02,3
ESC-00509,A-05226,ORG-007,2025-06-27T13:43:30,2
ESC-00510,A-05231,ORG-007,2025-05-13T19:26:30,2
ESC-00511,A-05233,ORG-007,2025-04-30T21:08:17,2
ESC-00512,A-05240,ORG-007,2025-01-25T16:24:34,2
ESC-00513,A-05256,ORG-007,2025-06-17T11:06:33,1
ESC-00514,A-05259,ORG-007,2025-01-30T11:21:24,1
ESC-00515,A-05264,ORG-007,2025-02-02T12:01:22,2
ESC-00516,A-05269,ORG-007,2025-05-11T23:49:51,2
ESC-00517,A-05273,ORG-007,2025-05-12T16:42:33,1
ESC-00518,A-05278,ORG-007,2025-01-28T23:17:35,2
ESC-00519,A-05281,ORG-007,2025-03-28T19:29:21,1
ESC-00520,A-05282,ORG-007,2025-05-29T03:31:34,3
ESC-00521,A-05286,ORG-007,2025-06-23T21:49:39,2
ESC-00522,A-05287,ORG-007,2025-04-13T09:20:58,2
ESC-00523,A-05301,ORG-007,2025-06-19T15:09:38,3
ESC-00524,A-05310,ORG-007,2025-03-09T23:10:24,1
ESC-00525,A-05324,ORG-007,2025-05-05T07:52:27,1
ESC-00526,A-05328,ORG-007,2025-02-16T15:58:47,3
ESC-00527,A-05332,ORG-007,2025-06-04T02:14:03,1
ESC-00528,A-05357,ORG-007,2025-03-10T02:40:54,1
ESC-00529,A-05374,ORG-007,2025-05-19T13:52:22,1
ESC-00530,A-05382,ORG-007,2025-06-28T01:25:03,2
ESC-00531,A-05395,ORG-007,2025-03-14T12:41:58,2
ESC-00532,A-05398,ORG-007,2025-01-11T15:07:27,1
ESC-00533,A-05399,ORG-007,2025-03-06T07:04:26,2
ESC-00534,A-05402,ORG-007,2025-03-23T17:23:09,3
ESC-00535,A-05409,ORG-007,2025-01-23T07:22:41,1
ESC-00536,A-05419,ORG-007,2025-06-12T08:34:34,1
ESC-00537,A-05422,ORG-007,2025-01-04T23:35:45,1
ESC-00538,A-05428,ORG-007,2025-05-19T19:28:00,1
ESC-00539,A-05454,ORG-007,2025-04-25T12:47:18,3
ESC-00540,A-05498,ORG-007,2025-02-19T04:29:26,3
ESC-00541,A-05499,ORG-007,2025-03-30T22:28:33,3
ESC-00542,A-05504,ORG-007,2025-06-11T02:16:48,3
ESC-00543,A-05512,ORG-007,2025-04-06T20:56:52,3
ESC-00544,A-05539,ORG-007,2025-05-21T13:03:31,3
ESC-00545,A-05543,ORG-007,2025-01-02T13:43:29,1
ESC-00546,A-05546,ORG-007,2025-03-10T19:36:46,2
ESC-00547,A-05589,ORG-007,2025-01-23T07:48:36,3
ESC-00548,A-05593,ORG-007,2025-01-16T05:27:42,1
ESC-00549,A-05596,ORG-007,2025-01-06T10:19:14,2
ESC-00550,A-05597,ORG-007,2025-01-13T20:27:07,1
ESC-00551,A-05599,ORG-007,2025-06-06T23:26:26,1
ESC-00552,A-05605,ORG-007,2025-02-26T20:26:59,1
ESC-00553,A-05619,ORG-007,2025-04-02T16:33:23,3
ESC-00554,A-05627,ORG-007,2025-02-12T17:11:13,2
ESC-00555,A-05639,ORG-007,2025-06-09T13:28:26,2
ESC-00556,A-05656,ORG-007,2025-02-02T02:03:46,1
ESC-00557,A-05667,ORG-007,2025-04-17T12:34:47,3
ESC-00558,A-05677,ORG-007,2025-03-25T14:18:13,1
ESC-00559,A-05678,ORG-007,2025-01-28T07:14:55,2
ESC-00560,A-05682,ORG-007,2025-02-14T14:43:43,1
ESC-00561,A-05699,ORG-007,2025-03-16T09:27:25,2
ESC-00562,A-05719,ORG-007,2025-03-14T18:15:29,1
ESC-00563,A-05722,ORG-007,2025-01-13T02:27:00,3
ESC-00564,A-05732,ORG-007,2025-02-25T03:21:11,2
ESC-00565,A-05735,ORG-007,2025-02-06T15:27:02,3
ESC-00566,A-05747,ORG-007,2025-04-21T15:23:23,2
ESC-00567,A-05748,ORG-007,2025-01-15T20:08:50,1
ESC-00568,A-05764,ORG-007,2025-05-14T17:15:11,1
ESC-00569,A-05766,ORG-007,2025-01-22T15:10:10,1
ESC-00570,A-05770,ORG-007,2025-01-03T21:28:47,3
ESC-00571,A-05773,ORG-007,2025-02-23T15:16:23,1
ESC-00572,A-05779,ORG-007,2025-05-11T17:05:20,3
ESC-00573,A-05805,ORG-007,2025-06-04T01:22:18,2
ESC-00574,A-05810,ORG-007,2025-03-15T04:36:57,1
ESC-00575,A-05812,ORG-007,2025-02-14T01:48:49,3
ESC-00576,A-05813,ORG-007,2025-01-31T13:21:11,3
ESC-00577,A-05823,ORG-007,2025-04-18T03:33:33,2
ESC-00578,A-05830,ORG-007,2025-02-05T02:45:29,2
ESC-00579,A-05857,ORG-007,2025-05-07T02:00:00,1
ESC-00580,A-05868,ORG-007,2025-05-30T22:43:34,3
ESC-00581,A-05872,ORG-007,2025-01-13T16:28:50,3
ESC-00582,A-05889,ORG-007,2025-05-07T01:55:08,3
ESC-00583,A-05893,ORG-007,2025-01-31T20:02:28,3
ESC-00584,A-05937,ORG-007,2025-06-22T18:48:21,1
ESC-00585,A-05945,ORG-007,2025-02-03T02:02:00,1
ESC-00586,A-05957,ORG-007,2025-06-23T12:50:35,2
ESC-00587,A-05964,ORG-007,2025-03-08T09:50:09,3
ESC-00588,A-05965,ORG-007,2025-02-22T15:44:10,3
ESC-00589,A-05972,ORG-007,2025-06-25T14:19:43,1
ESC-00590,A-05976,ORG-007,2025-04-09T08:18:12,3
ESC-00591,A-05983,ORG-007,2025-02-11T09:20:06,3
ESC-00592,A-05984,ORG-007,2025-02-13T21:08:08,1
ESC-00593,A-06010,ORG-007,2025-05-05T09:07:58,1
ESC-00594,A-06040,ORG-008,2025-03-21T08:09:49,2
ESC-00595,A-06051,ORG-008,2025-02-17T13:48:08,1
ESC-00596,A-06078,ORG-008,2025-02-02T03:18:58,2
ESC-00597,A-06089,ORG-008,2025-02-19T00:02:39,3
ESC-00598,A-06090,ORG-008,2025-06-15T06:06:01,1
ESC-00599,A-06100,ORG-008,2025-04-05T06:31:09,1
ESC-00600,A-06103,ORG-008,2025-05-07T17:47:06,2
ESC-00601,A-06119,ORG-008,2025-03-02T10:09:09,1
ESC-00602,A-06127,ORG-008,2025-06-26T19:22:46,3
ESC-00603,A-06131,ORG-008,2025-04-11T23:13:44,1
ESC-00604,A-06135,ORG-008,2025-02-18T09:17:08,2
ESC-00605,A-06142,ORG-008,2025-05-22T16:28:56,2
ESC-00606,A-06144,ORG-008,2025-06-15T05:51:45,2
ESC-00607,A-06148,ORG-008,2025-02-22T15:14:55,3
ESC-00608,A-06186,ORG-008,2025-01-16T13:41:46,1
ESC-00609,A-06189,ORG-008,2025-03-07T00:22:06,1
ESC-00610,A-06198,ORG-008,2025-04-28T17:47:59,1
ESC-00611,A-06203,ORG-008,2025-06-23T05:04:43,2
ESC-00612,A-06208,ORG-008,2025-04-12T17:20:43,2
ESC-00613,A-06217,ORG-008,2025-05-20T01:24:31,3
ESC-00614,A-06218,ORG-008,2025-02-13T11:07:18,2
ESC-00615,A-06219,ORG-008,2025-06-27T12:09:43,2
ESC-00616,A-06225,ORG-008,2025-03-27T22:41:32,3
ESC-00617,A-06227,ORG-008,2025-04-06T06:04:27,2
ESC-00618,A-06233,ORG-008,2025-06-26T21:24:31,3
ESC-00619,A-06238,ORG-008,2025-05-15T03:10:00,3
ESC-00620,A-06247,ORG-008,2025-04-27T19:17:10,3
ESC-00621,A-06276,ORG-008,2025-02-09T06:59:53,2
ESC-00622,A-06290,ORG-008,2025-01-12T02:23:35,2
ESC-00623,A-06314,ORG-008,2025-01-18T13:15:52,2
ESC-00624,A-06332,ORG-008,2025-04-27T22:11:02,1
ESC-00625,A-06333,ORG-008,2025-01-09T23:05:46,3
ESC-00626,A-06358,ORG-008,2025-05-22T03:04:21,3
ESC-00627,A-06363,ORG-008,2025-02-03T03:13:15,2
ESC-00628,A-06366,ORG-008,2025-02-23T08:36:35,1
ESC-00629,A-06383,ORG-008,2025-06-26T22:39:04,3
ESC-00630,A-06405,ORG-008,2025-05-28T05:03:03,3
ESC-00631,A-06408,ORG-008,2025-03-28T14:36:16,3
ESC-00632,A-06416,ORG-008,2025-06-26T01:56:22,1
ESC-00633,A-06427,ORG-008,2025-05-28T00:53:33,1
ESC-00634,A-06433,ORG-008,2025-03-20T17:49:45,1
ESC-00635,A-06434,ORG-008,2025-02-20T21:53:04,1
ESC-00636,A-06435,ORG-008,2025-01-28T09:38:52,1
ESC-00637,A-06458,ORG-008,2025-06-11T18:21:22,3
ESC-00638,A-06469,ORG-008,2025-04-27T21:00:04,3
ESC-00639,A-06471,ORG-008,2025-06-27T20:30:50,2
ESC-00640,A-06475,ORG-008,2025-04-03T12:22:28,2
ESC-00641,A-06490,ORG-008,2025-03-30T13:28:42,1
ESC-00642,A-06496,ORG-008,2025-02-08T22:17:24,2
ESC-00643,A-06512,ORG-008,2025-02-19T17:45:39,1
ESC-00644,A-06525,ORG-008,2025-02-06T18:21:27,3
ESC-00645,A-06535,ORG-008,2025-01-04T07:01:36,1
ESC-00646,A-06539,ORG-008,2025-05-18T14:11:34,2
ESC-00647,A-06542,ORG-008,2025-01-25T15:49:05,1
ESC-00648,A-06556,ORG-008,2025-02-25T23:43:16,2
ESC-00649,A-06572,ORG-008,2025-06-15T00:45:34,1
ESC-00650,A-06584,ORG-008,2025-03-31T15:30:26,3
ESC-00651,A-06593,ORG-008,2025-04-11T18:31:31,3
ESC-00652,A-06604,ORG-008,2025-03-04T10:06:07,1
ESC-00653,A-06607,ORG-008,2025-05-03T13:19:18,3
ESC-00654,A-06616,ORG-008,2025-03-08T06:26:59,3
ESC-00655,A-06625,ORG-008,2025-01-01T05:23:05,1
ESC-00656,A-06629,ORG-008,2025-03-18T18:15:53,2
ESC-00657,A-06631,ORG-008,2025-03-29T19:33:26,2
ESC-00658,A-06636,ORG-008,2025-05-01T11:35:20,1
ESC-00659,A-06640,ORG-008,2025-03-11T03:13:04,1
ESC-00660,A-06643,ORG-008,2025-01-20T10:52:45,1
ESC-00661,A-06648,ORG-008,2025-05-06T13:03:54,3
ESC-00662,A-06657,ORG-008,2025-06-06T17:45:10,2
ESC-00663,A-06672,ORG-008,2025-02-09T07:39:55,1
ESC-00664,A-06680,ORG-008,2025-03-29T14:00:16,3
ESC-00665,A-06682,ORG-008,2025-03-20T01:36:28,2
ESC-00666,A-06687,ORG-008,2025-02-05T01:22:49,3
ESC-00667,A-06703,ORG-008,2025-01-10T03:28:23,3
ESC-00668,A-06707,ORG-008,2025-02-08T05:40:43,2
ESC-00669,A-06715,ORG-008,2025-06-11T00:55:20,2
ESC-00670,A-06745,ORG-008,2025-01-09T10:09:40,2
ESC-00671,A-06746,ORG-008,2025-01-17T12:10:53,3
ESC-00672,A-06748,ORG-008,2025-02-02T18:16:27,2
ESC-00673,A-06753,ORG-008,2025-01-04T07:52:06,2
ESC-00674,A-06773,ORG-008,2025-03-04T11:37:36,3
ESC-00675,A-06775,ORG-008,2025-03-04T03:29:32,1
ESC-00676,A-06776,ORG-008,2025-03-21T04:36:27,2
ESC-00677,A-06786,ORG-008,2025-03-04T13:57:11,3
ESC-00678,A-06789,ORG-008,2025-02-18T00:24:32,3
ESC-00679,A-06801,ORG-008,2025-03-28T22:32:47,3
ESC-00680,A-06809,ORG-008,2025-04-12T04:26:44,1
ESC-00681,A-06828,ORG-008,2025-01-03T02:28:28,2
ESC-00682,A-06829,ORG-008,2025-01-25T09:55:27,1
ESC-00683,A-06841,ORG-008,2025-02-26T20:46:52,2
ESC-00684,A-06845,ORG-008,2025-05-06T00:00:49,2
ESC-00685,A-06853,ORG-008,2025-04-20T21:29:34,3
ESC-00686,A-06855,ORG-008,2025-03-11T05:26:24,1
ESC-00687,A-06857,ORG-008,2025-01-30T12:50:40,1
ESC-00688,A-06859,ORG-008,2025-01-01T13:26:07,3
ESC-00689,A-06876,ORG-008,2025-01-24T16:23:38,3
ESC-00690,A-06883,ORG-008,2025-06-07T20:52:30,1
ESC-00691,A-06892,ORG-008,2025-04-23T08:26:19,2
ESC-00692,A-06897,ORG-008,2025-03-06T09:40:49,3
ESC-00693,A-06906,ORG-008,2025-04-26T07:09:52,3
ESC-00694,A-06912,ORG-008,2025-02-25T14:20:03,3
ESC-00695,A-06916,ORG-008,2025-02-22T06:33:32,1
ESC-00696,A-06922,ORG-008,2025-06-04T13:32:18,1
ESC-00697,A-06934,ORG-008,2025-02-23T13:03:25,1
ESC-00698,A-06942,ORG-008,2025-06-11T00:33:12,2
ESC-00699,A-06947,ORG-008,2025-05-27T10:43:34,3
ESC-00700,A-06963,ORG-008,2025-04-18T19:04:00,1
ESC-00701,A-06967,ORG-008,2025-05-20T15:08:28,1
ESC-00702,A-07000,ORG-008,2025-04-24T17:47:32,1
ESC-00703,A-07004,ORG-008,2025-01-11T17:54:44,2
ESC-00704,A-07011,ORG-009,2025-01-07T15:47:23,2
ESC-00705,A-07018,ORG-009,2025-04-17T00:33:10,2
ESC-00706,A-07019,ORG-009,2025-05-26T05:24:53,1
ESC-00707,A-07037,ORG-009,2025-03-03T10:52:14,1
ESC-00708,A-07049,ORG-009,2025-06-14T20:04:18,2
ESC-00709,A-07050,ORG-009,2025-01-06T04:20:01,3
ESC-00710,A-07074,ORG-009,2025-02-14T04:06:40,2
ESC-00711,A-07088,ORG-009,2025-02-21T05:47:34,1
ESC-00712,A-07110,ORG-009,2025-06-27T03:17:51,3
ESC-00713,A-07112,ORG-009,2025-02-17T15:26:22,3
ESC-00714,A-07137,ORG-009,2025-04-27T09:31:12,1
ESC-00715,A-07138,ORG-009,2025-03-26T07:40:55,1
ESC-00716,A-07156,ORG-009,2025-05-07T08:07:11,2
ESC-00717,A-07160,ORG-009,2025-03-31T23:17:57,3
ESC-00718,A-07171,ORG-009,2025-05-17T01:23:25,3
ESC-00719,A-07172,ORG-009,2025-05-13T23:04:22,2
ESC-00720,A-07177,ORG-009,2025-02-21T16:55:33,2
ESC-00721,A-07189,ORG-009,2025-02-27T05:19:18,2
ESC-00722,A-07204,ORG-009,2025-01-26T01:59:22,2
ESC-00723,A-07207,ORG-009,2025-06-26T18:09:04,2
ESC-00724,A-07210,ORG-009,2025-02-20T05:01:21,3
ESC-00725,A-07211,ORG-009,2025-06-04T18:44:34,3
ESC-00726,A-07214,ORG-009,2025-04-06T13:05:13,1
ESC-00727,A-07216,ORG-009,2025-02-28T18:26:01,1
ESC-00728,A-07230,ORG-009,2025-04-24T15:08:59,3
ESC-00729,A-07247,ORG-009,2025-01-12T18:07:54,3
ESC-00730,A-07252,ORG-009,2025-01-05T12:53:16,3
ESC-00731,A-07268,ORG-009,2025-03-22T05:34:05,3
ESC-00732,A-07280,ORG-009,2025-01-12T03:54:43,3
ESC-00733,A-07294,ORG-009,2025-06-26T07:29:06,3
ESC-00734,A-07297,ORG-009,2025-04-26T05:25:31,1
ESC-00735,A-07322,ORG-009,2025-01-03T02:09:22,3
ESC-00736,A-07323,ORG-009,2025-06-25T02:01:55,2
ESC-00737,A-07329,ORG-009,2025-06-20T23:29:30,2
ESC-00738,A-07348,ORG-009,2025-02-22T18:54:10,1
ESC-00739,A-07350,ORG-009,2025-04-29T01:07:46,2
ESC-00740,A-07353,ORG-009,2025-04-08T23:12:39,1
ESC-00741,A-07354,ORG-009,2025-05-24T17:13:45,1
ESC-00742,A-07369,ORG-009,2025-05-30T01:58:51,1
ESC-00743,A-07380,ORG-009,2025-06-26T00:04:53,3
ESC-00744,A-07417,ORG-009,2025-06-23T19:31:17,2
ESC-00745,A-07419,ORG-009,2025-02-23T06:54:06,1
ESC-00746,A-07440,ORG-009,2025-04-15T13:02:35,3
ESC-00747,A-07452,ORG-009,2025-05-15T15:40:32,2
ESC-00748,A-07454,ORG-009,2025-01-02T09:39:35,2
ESC-00749,A-07457,ORG-009,2025-04-20T21:05:39,2
ESC-00750,A-07462,ORG-009,2025-04-04T02:04:06,2
ESC-00751,A-07472,ORG-009,2025-04-20T13:32:27,3
ESC-00752,A-07475,ORG-009,2025-02-12T09:04:25,1
ESC-00753,A-07498,ORG-009,2025-01-02T12:47:51,2
ESC-00754,A-07515,ORG-009,2025-06-12T10:58:51,1
ESC-00755,A-07530,ORG-009,2025-05-20T21:00:17,3
ESC-00756,A-07534,ORG-009,2025-01-11T07:20:59,2
ESC-00757,A-07537,ORG-009,2025-02-12T01:22:57,1
ESC-00758,A-07546,ORG-009,2025-03-11T07:26:26,1
ESC-00759,A-07549,ORG-009,2025-02-11T16:35:16,3
ESC-00760,A-07550,ORG-009,2025-01-12T18:49:09,2
ESC-00761,A-07553,ORG-009,2025-06-22T20:56:33,1
ESC-00762,A-07555,ORG-009,2025-01-13T10:44:02,1
ESC-00763,A-07559,ORG-009,2025-04-23T05:40:37,3
ESC-00764,A-07561,ORG-009,2025-03-11T10:38:41,3
ESC-00765,A-07567,ORG-009,2025-03-25T14:19:43,3
ESC-00766,A-07574,ORG-009,2025-03-15T06:31:19,3
ESC-00767,A-07577,ORG-009,2025-04-24T22:03:40,1
ESC-00768,A-07578,ORG-009,2025-03-21T18:03:45,1
ESC-00769,A-07579,ORG-009,2025-01-01T07:13:02,3
ESC-00770,A-07584,ORG-009,2025-01-11T17:49:03,3
ESC-00771,A-07622,ORG-009,2025-03-18T14:49:30,2
ESC-00772,A-07630,ORG-009,2025-04-10T22:46:02,3
ESC-00773,A-07638,ORG-009,2025-03-27T15:05:38,1
ESC-00774,A-07645,ORG-009,2025-04-04T10:19:35,1
ESC-00775,A-07657,ORG-009,2025-01-23T13:01:32,2
ESC-00776,A-07664,ORG-009,2025-03-08T08:54:34,2
ESC-00777,A-07668,ORG-009,2025-01-16T06:04:44,3
ESC-00778,A-07672,ORG-009,2025-05-15T14:55:32,3
ESC-00779,A-07683,ORG-009,2025-05-07T04:18:00,3
ESC-00780,A-07684,ORG-009,2025-02-28T17:06:21,2
ESC-00781,A-07703,ORG-009,2025-01-21T16:04:38,2
ESC-00782,A-07706,ORG-009,2025-06-24T16:23:30,3
ESC-00783,A-07708,ORG-009,2025-02-09T05:42:48,3
ESC-00784,A-07751,ORG-009,2025-06-01T18:19:03,2
ESC-00785,A-07761,ORG-009,2025-06-14T16:55:28,1
ESC-00786,A-07767,ORG-009,2025-01-15T14:41:36,3
ESC-00787,A-07777,ORG-009,2025-02-10T18:32:46,3
ESC-00788,A-07780,ORG-009,2025-03-14T06:28:26,2
ESC-00789,A-07782,ORG-009,2025-05-01T11:15:39,3
ESC-00790,A-07786,ORG-009,2025-04-23T12:38:25,3
ESC-00791,A-07794,ORG-009,2025-01-21T03:34:28,1
ESC-00792,A-07802,ORG-009,2025-04-25T10:22:41,3
ESC-00793,A-07809,ORG-009,2025-05-24T17:44:46,1
ESC-00794,A-07819,ORG-009,2025-06-02T02:54:19,3
ESC-00795,A-07855,ORG-009,2025-04-11T02:45:42,3
ESC-00796,A-07856,ORG-009,2025-02-28T03:52:17,1
ESC-00797,A-07871,ORG-009,2025-02-10T11:55:11,3
ESC-00798,A-07874,ORG-009,2025-05-21T01:20:01,2
ESC-00799,A-07887,ORG-009,2025-02-24T06:23:55,3
ESC-00800,A-07889,ORG-009,2025-02-01T09:00:51,2
ESC-00801,A-07896,ORG-009,2025-05-10T19:55:54,1
ESC-00802,A-07901,ORG-009,2025-05-29T01:09:16,3
ESC-00803,A-07903,ORG-009,2025-06-02T00:15:56,2
ESC-00804,A-07904,ORG-009,2025-05-08T09:37:50,1
ESC-00805,A-07918,ORG-010,2025-04-27T17:34:33,2
ESC-00806,A-07923,ORG-010,2025-05-26T11:53:25,2
ESC-00807,A-07932,ORG-010,2025-03-03T13:13:37,1
ESC-00808,A-07933,ORG-010,2025-05-13T05:56:32,2
ESC-00809,A-07936,ORG-010,2025-02-28T22:32:00,3
ESC-00810,A-07961,ORG-010,2025-01-24T05:56:55,3
ESC-00811,A-07967,ORG-010,2025-02-02T09:53:38,1
ESC-00812,A-07970,ORG-010,2025-04-10T22:10:01,2
ESC-00813,A-07971,ORG-010,2025-01-20T01:35:13,1
ESC-00814,A-07979,ORG-010,2025-03-18T18:28:35,2
ESC-00815,A-08008,ORG-010,2025-05-12T11:34:10,2
ESC-00816,A-08012,ORG-010,2025-04-01T21:59:46,3
ESC-00817,A-08025,ORG-010,2025-06-06T22:49:45,1
ESC-00818,A-08031,ORG-010,2025-04-01T10:37:34,3
ESC-00819,A-08032,ORG-010,2025-03-12T09:14:18,2
ESC-00820,A-08038,ORG-010,2025-05-19T03:29:51,3
ESC-00821,A-08043,ORG-010,2025-03-06T15:48:28,3
ESC-00822,A-08058,ORG-010,2025-05-19T23:05:21,2
ESC-00823,A-08069,ORG-010,2025-01-11T19:15:13,3
ESC-00824,A-08088,ORG-010,2025-01-14T13:35:22,1
ESC-00825,A-08097,ORG-010,2025-06-08T03:16:57,1
ESC-00826,A-08108,ORG-010,2025-06-24T08:01:12,1
ESC-00827,A-08114,ORG-010,2025-02-05T04:29:25,2
ESC-00828,A-08116,ORG-010,2025-06-24T12:00:48,1
ESC-00829,A-08129,ORG-010,2025-04-04T08:29:50,1
ESC-00830,A-08145,ORG-010,2025-04-20T01:25:22,2
ESC-00831,A-08186,ORG-010,2025-02-16T08:12:24,2
ESC-00832,A-08192,ORG-010,2025-04-10T20:07:26,1
ESC-00833,A-08211,ORG-010,2025-02-16T03:58:08,3
ESC-00834,A-08236,ORG-010,2025-06-28T14:15:07,3
ESC-00835,A-08237,ORG-010,2025-06-02T23:53:04,3
ESC-00836,A-08257,ORG-010,2025-05-26T10:53:41,2
ESC-00837,A-08258,ORG-010,2025-04-04T11:21:17,2
ESC-00838,A-08269,ORG-010,2025-06-26T11:35:56,3
ESC-00839,A-08275,ORG-010,2025-03-05T18:37:44,1
ESC-00840,A-08285,ORG-010,2025-02-23T04:08:40,1
ESC-00841,A-08288,ORG-010,2025-05-30T06:58:05,1
ESC-00842,A-08295,ORG-010,2025-05-22T12:49:23,2
ESC-00843,A-08301,ORG-010,2025-06-25T06:01:28,3
ESC-00844,A-08305,ORG-010,2025-06-15T00:24:19,3
ESC-00845,A-08308,ORG-010,2025-06-02T09:17:58,3
ESC-00846,A-08314,ORG-010,2025-01-18T19:22:10,2
ESC-00847,A-08315,ORG-010,2025-05-27T19:15:55,2
ESC-00848,A-08316,ORG-010,2025-01-17T03:34:07,2
ESC-00849,A-08319,ORG-010,2025-04-10T09:55:36,2
ESC-00850,A-08320,ORG-010,2025-02-02T08:32:20,1
ESC-00851,A-08358,ORG-010,2025-01-22T14:53:00,2
ESC-00852,A-08363,ORG-010,2025-02-03T03:37:03,2
ESC-00853,A-08376,ORG-010,2025-04-26T03:33:17,3
ESC-00854,A-08377,ORG-010,2025-03-26T10:16:46,2
ESC-00855,A-08384,ORG-010,2025-01-24T08:12:59,2
ESC-00856,A-08385,ORG-010,2025-01-06T15:20:59,2
ESC-00857,A-08389,ORG-010,2025-06-06T03:45:01,2
ESC-00858,A-08391,ORG-010,2025-06-16T15:01:37,2
ESC-00859,A-08399,ORG-010,2025-01-30T20:06:10,1
ESC-00860,A-08413,ORG-010,2025-04-12T07:15:34,1
ESC-00861,A-08420,ORG-010,2025-04-19T15:57:51,2
ESC-00862,A-08447,ORG-010,2025-05-11T00:08:19,2
ESC-00863,A-08448,ORG-010,2025-02-09T02:46:13,1
ESC-00864,A-08453,ORG-010,2025-01-24T18:33:04,3
ESC-00865,A-08470,ORG-010,2025-06-16T04:32:44,3
ESC-00866,A-08478,ORG-010,2025-04-26T16:17:41,3
ESC-00867,A-08482,ORG-010,2025-01-31T12:49:06,2
ESC-00868,A-08486,ORG-010,2025-01-11T21:43:15,1
ESC-00869,A-08488,ORG-010,2025-02-07T22:23:59,1
ESC-00870,A-08491,ORG-010,2025-03-15T22:18:20,3
ESC-00871,A-08502,ORG-010,2025-05-10T12:19:53,2
ESC-00872,A-08504,ORG-010,2025-05-30T05:38:32,3
ESC-00873,A-08519,ORG-010,2025-03-24T01:16:49,3
ESC-00874,A-08524,ORG-010,2025-01-22T18:47:06,1
ESC-00875,A-08537,ORG-010,2025-05-31T21:30:39,1
ESC-00876,A-08552,ORG-010,2025-03-04T19:40:46,2
ESC-00877,A-08558,ORG-010,2025-04-24T19:14:09,3
ESC-00878,A-08576,ORG-010,2025-03-15T22:46:24,2
ESC-00879,A-08582,ORG-010,2025-04-03T19:25:59,3
ESC-00880,A-08583,ORG-010,2025-01-22T18:59:28,3
ESC-00881,A-08588,ORG-010,2025-04-28T08:31:50,1
ESC-00882,A-08590,ORG-010,2025-03-02T18:45:00,2
ESC-00883,A-08600,ORG-010,2025-04-27T07:49:35,3
ESC-00884,A-08614,ORG-010,2025-02-20T03:51:47,1
ESC-00885,A-08615,ORG-010,2025-06-03T02:08:10,2
ESC-00886,A-08626,ORG-010,2025-01-28T03:08:33,2
ESC-00887,A-08628,ORG-010,2025-06-23T11:33:39,1
ESC-00888,A-08651,ORG-010,2025-03-16T23:47:45,2
ESC-00889,A-08653,ORG-010,2025-05-04T11:30:55,2
ESC-00890,A-08658,ORG-010,2025-06-02T02:26:30,3
ESC-00891,A-08674,ORG-010,2025-03-16T14:47:15,1
ESC-00892,A-08675,ORG-010,2025-02-06T15:56:34,3
ESC-00893,A-08690,ORG-010,2025-06-05T12:41:29,2
ESC-00894,A-08713,ORG-010,2025-06-19T04:31:14,1
ESC-00895,A-08731,ORG-010,2025-03-08T23:42:44,2
ESC-00896,A-08744,ORG-010,2025-06-06T18:58:16,2
ESC-00897,A-08749,ORG-010,2025-04-17T21:53:40,3
ESC-00898,A-08752,ORG-010,2025-03-26T03:23:11,2
ESC-00899,A-08755,ORG-010,2025-01-26T05:29:05,3
ESC-00900,A-08765,ORG-010,2025-03-28T21:41:16,2
ESC-00901,A-08785,ORG-010,2025-03-09T15:38:40,2
ESC-00902,A-08786,ORG-010,2025-06-24T04:55:22,3
ESC-00903,A-08788,ORG-010,2025-01-03T21:19:01,1
ESC-00904,A-08798,ORG-010,2025-02-27T18:24:34,2
ESC-00905,A-08808,ORG-010,2025-03-31T10:49:10,3
ESC-00906,A-08814,ORG-010,2025-05-16T10:19:14,3
ESC-00907,A-08854,ORG-011,2025-06-22T13:58:15,2
ESC-00908,A-08872,ORG-011,2025-03-20T08:23:01,1
ESC-00909,A-08882,ORG-011,2025-04-29T16:49:17,3
ESC-00910,A-08883,ORG-011,2025-06-11T00:20:53,3
ESC-00911,A-08887,ORG-011,2025-06-16T05:00:10,2
ESC-00912,A-08893,ORG-011,2025-05-16T09:01:07,1
ESC-00913,A-08898,ORG-011,2025-04-20T09:41:08,3
ESC-00914,A-08900,ORG-011,2025-05-13T09:34:55,3
ESC-00915,A-08902,ORG-011,2025-01-11T19:36:45,3
ESC-00916,A-08903,ORG-011,2025-04-10T15:43:25,3
ESC-00917,A-08917,ORG-011,2025-01-14T14:46:06,3
ESC-00918,A-08939,ORG-011,2025-02-14T08:22:22,3
ESC-00919,A-08946,ORG-011,2025-02-08T22:15:48,2
ESC-00920,A-08951,ORG-011,2025-03-19T15:08:46,2
ESC-00921,A-08957,ORG-011,2025-05-07T19:33:04,1
ESC-00922,A-08970,ORG-011,2025-06-20T01:51:21,1
ESC-00923,A-08972,ORG-011,2025-03-30T20:49:21,2
ESC-00924,A-08973,ORG-011,2025-06-06T03:15:58,1
ESC-00925,A-08983,ORG-011,2025-03-26T14:16:12,2
ESC-00926,A-08998,ORG-011,2025-03-04T02:01:37,3
ESC-00927,A-09001,ORG-011,2025-03-17T16:10:50,1
ESC-00928,A-09017,ORG-011,2025-05-10T04:32:19,2
ESC-00929,A-09019,ORG-011,2025-01-09T15:50:17,2
ESC-00930,A-09029,ORG-011,2025-04-08T03:15:27,3
ESC-00931,A-09035,ORG-011,2025-03-18T06:39:54,3
ESC-00932,A-09065,ORG-011,2025-03-18T11:56:56,2
ESC-00933,A-09074,ORG-011,2025-05-17T21:54:54,2
ESC-00934,A-09083,ORG-011,2025-02-14T07:50:59,1
ESC-00935,A-09084,ORG-011,2025-03-27T17:48:53,3
ESC-00936,A-09086,ORG-011,2025-01-31T00:58:41,1
ESC-00937,A-09100,ORG-011,2025-02-24T17:07:57,3
ESC-00938,A-09105,ORG-011,2025-04-23T18:25:16,2
ESC-00939,A-09108,ORG-011,2025-04-26T05:55:05,1
ESC-00940,A-09112,ORG-011,2025-02-27T02:21:34,3
ESC-00941,A-09113,ORG-011,2025-05-08T09:02:14,1
ESC-00942,A-09128,ORG-011,2025-03-05T16:25:27,3
ESC-00943,A-09162,ORG-011,2025-01-15T05:18:49,2
ESC-00944,A-09171,ORG-011,2025-03-04T21:50:27,1
ESC-00945,A-09186,ORG-011,2025-05-14T13:24:22,2
ESC-00946,A-09192,ORG-011,2025-05-15T00:40:58,1
ESC-00947,A-09199,ORG-011,2025-03-05T02:56:40,1
ESC-00948,A-09200,ORG-011,2025-01-29T05:07:52,2
ESC-00949,A-09210,ORG-011,2025-01-18T17:51:54,3
ESC-00950,A-09218,ORG-011,2025-04-28T22:59:54,1
ESC-00951,A-09232,ORG-011,2025-05-15T11:00:40,1
ESC-00952,A-09241,ORG-011,2025-01-08T15:35:35,3
ESC-00953,A-09245,ORG-011,2025-01-14T04:05:41,3
ESC-00954,A-09252,ORG-011,2025-05-10T08:11:39,1
ESC-00955,A-09265,ORG-011,2025-03-08T13:57:27,3
ESC-00956,A-09271,ORG-011,2025-02-18T09:04:30,3
ESC-00957,A-09276,ORG-011,2025-03-12T19:34:35,1
ESC-00958,A-09301,ORG-011,2025-03-28T00:28:05,1
ESC-00959,A-09310,ORG-011,2025-06-09T11:06:18,3
ESC-00960,A-09315,ORG-011,2025-05-02T20:21:31,2
ESC-00961,A-09323,ORG-011,2025-01-17T13:39:47,1
ESC-00962,A-09327,ORG-011,2025-05-23T10:14:23,1
ESC-00963,A-09340,ORG-011,2025-06-14T17:09:47,3
ESC-00964,A-09341,ORG-011,2025-03-28T13:40:29,2
ESC-00965,A-09361,ORG-011,2025-06-29T01:16:59,3
ESC-00966,A-09372,ORG-011,2025-02-09T00:48:56,2
ESC-00967,A-09382,ORG-011,2025-05-11T17:00:40,1
ESC-00968,A-09385,ORG-011,2025-01-07T16:58:25,2
ESC-00969,A-09395,ORG-011,2025-04-19T01:33:51,3
ESC-00970,A-09413,ORG-011,2025-01-21T05:57:12,2
ESC-00971,A-09428,ORG-011,2025-05-13T10:54:53,3
ESC-00972,A-09429,ORG-011,2025-02-22T06:55:45,1
ESC-00973,A-09430,ORG-011,2025-05-15T09:08:19,2
ESC-00974,A-09433,ORG-011,2025-05-05T07:59:20,2
ESC-00975,A-09459,ORG-011,2025-01-31T07:26:38,1
ESC-00976,A-09472,ORG-011,2025-01-03T20:24:31,3
ESC-00977,A-09479,ORG-011,2025-03-12T03:36:07,1
ESC-00978,A-09495,ORG-011,2025-03-22T14:53:47,2
ESC-00979,A-09521,ORG-011,2025-02-23T00:34:39,1
ESC-00980,A-09528,ORG-011,2025-06-11T00:28:03,3
ESC-00981,A-09540,ORG-011,2025-04-01T09:29:22,1
ESC-00982,A-09551,ORG-011,2025-02-20T12:51:56,2
ESC-00983,A-09555,ORG-011,2025-06-08T10:46:23,3
ESC-00984,A-09562,ORG-011,2025-03-18T14:58:13,1
ESC-00985,A-09577,ORG-011,2025-04-10T10:22:05,1
ESC-00986,A-09579,ORG-011,2025-01-14T05:50:56,3
ESC-00987,A-09585,ORG-011,2025-01-13T16:15:45,2
ESC-00988,A-09586,ORG-011,2025-02-04T09:01:31,1
ESC-00989,A-09596,ORG-011,2025-04-03T06:54:35,2
ESC-00990,A-09598,ORG-011,2025-06-04T13:03:17,2
ESC-00991,A-09604,ORG-011,2025-01-15T13:30:28,1
ESC-00992,A-09606,ORG-011,2025-06-14T11:39:25,2
ESC-00993,A-09618,ORG-011,2025-01-13T11:33:48,1
ESC-00994,A-09633,ORG-011,2025-04-28T11:38:14,3
ESC-00995,A-09637,ORG-011,2025-06-12T08:17:34,2
ESC-00996,A-09644,ORG-011,2025-02-25T04:19:19,3
ESC-00997,A-09645,ORG-011,2025-02-12T13:32:39,2
ESC-00998,A-09647,ORG-011,2025-06-22T02:44:39,2
ESC-00999,A-09648,ORG-011,2025-03-06T17:11:06,2
ESC-01000,A-09653,ORG-011,2025-04-05T22:11:50,2
ESC-01001,A-09654,ORG-011,2025-03-13T13:33:15,3
ESC-01002,A-09656,ORG-011,2025-03-07T18:29:35,3
ESC-01003,A-09670,ORG-011,2025-04-21T05:12:01,1
ESC-01004,A-09692,ORG-011,2025-06-07T20:30:59,1
ESC-01005,A-09703,ORG-011,2025-04-05T10:51:37,2
ESC-01006,A-09713,ORG-012,2025-02-15T18:35:24,2
ESC-01007,A-09726,ORG-012,2025-05-14T03:42:51,3
ESC-01008,A-09752,ORG-012,2025-01-31T01:06:51,3
ESC-01009,A-09755,ORG-012,2025-04-22T08:29:43,3
ESC-01010,A-09758,ORG-012,2025-04-15T10:14:58,2
ESC-01011,A-09759,ORG-012,2025-05-01T06:16:04,2
ESC-01012,A-09769,ORG-012,2025-05-27T00:10:56,3
ESC-01013,A-09771,ORG-012,2025-06-09T13:36:13,1
ESC-01014,A-09776,ORG-012,2025-01-27T02:15:56,1
ESC-01015,A-09784,ORG-012,2025-04-08T04:47:56,3
ESC-01016,A-09795,ORG-012,2025-03-11T18:13:35,2
ESC-01017,A-09797,ORG-012,2025-03-30T06:45:14,3
ESC-01018,A-09803,ORG-012,2025-01-01T06:53:26,3
ESC-01019,A-09806,ORG-012,2025-05-02T18:25:03,1
ESC-01020,A-09820,ORG-012,2025-05-19T10:08:09,1
ESC-01021,A-09822,ORG-012,2025-04-17T02:34:53,1
